{"cameraMode":{"drawMode":0,"name":"Shaded","section":"Shading Mode"},"sceneLighting":true,"audioPlay":false,"sceneViewState":{"showFog":true,"showMaterialUpdate":false,"showSkybox":true,"showFlares":true,"showImageEffects":true,"showParticleSystems":true},"in2DMode":false,"pivot":{"x":12.53975772857666,"y":-7.157621383666992,"z":10.953094482421875},"rotation":{"x":-0.17783500254154206,"y":-0.34119322896003725,"z":0.06590454280376435,"w":-0.9206653237342835},"size":26.578166961669923,"orthographic":false}